{"format": "layers-model", "generatedBy": "keras v3.10.0", "convertedBy": "TensorFlow.js Converter v4.22.0", "modelTopology": {"keras_version": "3.10.0", "backend": "tensorflow", "model_config": {"class_name": "Sequential", "config": {"name": "sequential_1", "trainable": true, "dtype": {"module": "keras", "class_name": "DTypePolicy", "config": {"name": "float32"}, "registered_name": null}, "layers": [{"class_name": "InputLayer", "config": {"batch_shape": [null, 150], "dtype": "float32", "sparse": false, "ragged": false, "name": "input_url"}}, {"class_name": "Embedding", "config": {"name": "embedding_1", "trainable": true, "dtype": {"module": "keras", "class_name": "DTypePolicy", "config": {"name": "float32"}, "registered_name": null}, "input_dim": 232, "output_dim": 32, "embeddings_initializer": {"module": "keras.initializers", "class_name": "RandomUniform", "config": {"seed": null, "minval": -0.05, "maxval": 0.05}, "registered_name": null}, "embeddings_regularizer": null, "activity_regularizer": null, "embeddings_constraint": null, "mask_zero": false}}, {"class_name": "LSTM", "config": {"name": "lstm_1", "trainable": true, "dtype": {"module": "keras", "class_name": "DTypePolicy", "config": {"name": "float32"}, "registered_name": null}, "return_sequences": false, "return_state": false, "go_backwards": false, "stateful": false, "unroll": false, "zero_output_for_mask": false, "units": 32, "activation": "tanh", "recurrent_activation": "sigmoid", "use_bias": true, "kernel_initializer": {"module": "keras.initializers", "class_name": "GlorotUniform", "config": {"seed": null}, "registered_name": null}, "recurrent_initializer": {"module": "keras.initializers", "class_name": "Orthogonal", "config": {"seed": null, "gain": 1.0}, "registered_name": null}, "bias_initializer": {"module": "keras.initializers", "class_name": "Zeros", "config": {}, "registered_name": null}, "unit_forget_bias": true, "kernel_regularizer": null, "recurrent_regularizer": null, "bias_regularizer": null, "activity_regularizer": null, "kernel_constraint": null, "recurrent_constraint": null, "bias_constraint": null, "dropout": 0.0, "recurrent_dropout": 0.0, "seed": null}}, {"class_name": "Dropout", "config": {"name": "dropout_1", "trainable": true, "dtype": {"module": "keras", "class_name": "DTypePolicy", "config": {"name": "float32"}, "registered_name": null}, "rate": 0.5, "seed": null, "noise_shape": null}}, {"class_name": "Dense", "config": {"name": "dense_1", "trainable": true, "dtype": {"module": "keras", "class_name": "DTypePolicy", "config": {"name": "float32"}, "registered_name": null}, "units": 1, "activation": "sigmoid", "use_bias": true, "kernel_initializer": {"module": "keras.initializers", "class_name": "GlorotUniform", "config": {"seed": null}, "registered_name": null}, "bias_initializer": {"module": "keras.initializers", "class_name": "Zeros", "config": {}, "registered_name": null}, "kernel_regularizer": null, "bias_regularizer": null, "kernel_constraint": null, "bias_constraint": null}}], "build_input_shape": [null, 150]}}, "training_config": {"loss": "binary_crossentropy", "loss_weights": null, "metrics": ["accuracy"], "weighted_metrics": null, "run_eagerly": false, "steps_per_execution": 1, "jit_compile": false, "optimizer_config": {"class_name": "Adam", "config": {"name": "adam", "learning_rate": 0.0010000000474974513, "weight_decay": null, "clipnorm": null, "global_clipnorm": null, "clipvalue": null, "use_ema": false, "ema_momentum": 0.99, "ema_overwrite_frequency": null, "loss_scale_factor": null, "gradient_accumulation_steps": null, "beta_1": 0.9, "beta_2": 0.999, "epsilon": 1e-07, "amsgrad": false}}}}, "weightsManifest": [{"paths": ["group1-shard1of1.bin"], "weights": [{"name": "sequential_1/dense_1/kernel", "shape": [32, 1], "dtype": "float32"}, {"name": "sequential_1/dense_1/bias", "shape": [1], "dtype": "float32"}, {"name": "sequential_1/embedding_1/embeddings", "shape": [232, 32], "dtype": "float32"}, {"name": "sequential_1/lstm_1/lstm_cell/kernel", "shape": [32, 128], "dtype": "float32"}, {"name": "sequential_1/lstm_1/lstm_cell/recurrent_kernel", "shape": [32, 128], "dtype": "float32"}, {"name": "sequential_1/lstm_1/lstm_cell/bias", "shape": [128], "dtype": "float32"}]}]}